count,gpu_speedup_excluding_fallback,gpu_speedup_including_fallback
64,,1.7206567438756246
128,,1.6020329794176094
256,,1.4112298019206877
512,,1.4788892482685114
1024,,1.0865087812501457
