count,gpu_speedup_vs_cpu,qpu_speedup_vs_cpu
64,,0.0002773522162196949
128,,0.0002860102140538021
256,,0.00030338523068028323
512,,0.00033356076822057586
1024,,0.0003289146603757065
